{
    "player": {
        "attributes": {
            "current_exp": 0,
            "exp_for_level": 200,
            "hp": 78.31903076171875,
            "level": 1,
            "max_hp": 200.0,
            "some_points": 0
        },
        "entity_uid": 0,
        "position": {
            "x": 7364.09814453125,
            "y": 5015.3994140625
        }
    }
}